<?xml version="1.0" encoding="UTF-8"?>
<root>
  <item name="android.app.ecm.EnhancedConfirmationManager boolean isClearRestrictionAllowed(java.lang.String)">
    <annotation name="androidx.annotation.RequiresPermission">
      <val name="value" val="&quot;android.permission.MANAGE_ENHANCED_CONFIRMATION_STATES&quot;" />
    </annotation>
  </item>
  <item name="android.app.ecm.EnhancedConfirmationManager boolean isRestricted(java.lang.String, java.lang.String)">
    <annotation name="androidx.annotation.RequiresPermission">
      <val name="value" val="&quot;android.permission.MANAGE_ENHANCED_CONFIRMATION_STATES&quot;" />
    </annotation>
  </item>
  <item name="android.app.ecm.EnhancedConfirmationManager void clearRestriction(java.lang.String)">
    <annotation name="androidx.annotation.RequiresPermission">
      <val name="value" val="&quot;android.permission.MANAGE_ENHANCED_CONFIRMATION_STATES&quot;" />
    </annotation>
  </item>
  <item name="android.app.ecm.EnhancedConfirmationManager void setClearRestrictionAllowed(java.lang.String)">
    <annotation name="androidx.annotation.RequiresPermission">
      <val name="value" val="&quot;android.permission.MANAGE_ENHANCED_CONFIRMATION_STATES&quot;" />
    </annotation>
  </item>
</root>

